rank,hostname,domain
1,www.baidu.com,baidu.com
2,qq.com,qq.com
3,sohu.com,sohu.com
4,163.com,163.com
5,eastmoney.com,eastmoney.com
6,so.com,so.com
7,sogou.com,sogou.com
8,bilibili.com,bilibili.com
9,weibo.com,weibo.com
10,iqiyi.com,iqiyi.com
11,ctrip.com,ctrip.com
12,jd.com,jd.com
13,sina.com.cn,sina.com.cn
14,pcauto.com.cn,pcauto.com.cn
15,2345.com,2345.com
16,ali213.net,ali213.net
17,chinatax.gov.cn,chinatax.gov.cn
18,csdn.net,csdn.net
19,youku.com,youku.com
21,douban.com,douban.com
22,zhihu.com,zhihu.com
23,zol.com.cn,zol.com.cn
24,pconline.com.cn,pconline.com.cn
25,bendibao.com,bendibao.com
26,autohome.com.cn,autohome.com.cn
27,weather.com.cn,weather.com.cn
28,1688.com,1688.com
29,kugou.com,kugou.com
30,3dmgame.com,3dmgame.com
31,iciba.com,iciba.com
33,cngold.org,cngold.org
34,jianshu.com,jianshu.com
35,thepaper.cn,thepaper.cn
37,tianqi.com,tianqi.com
38,zdic.net,zdic.net
39,taobao.com,taobao.com
40,ifeng.com,ifeng.com
41,apple.com,apple.com
42,tencent.com,tencent.com
43,qidian.com,qidian.com
44,ip138.com,ip138.com
45,people.com.cn,people.com.cn
46,xinhuanet.com,xinhuanet.com
47,39.net,39.net
48,ximalaya.com,ximalaya.com
50,smzdm.com,smzdm.com
51,kuwo.cn,kuwo.cn
53,nmc.cn,nmc.cn
54,fh21.com.cn,fh21.com.cn
56,chinadaily.com.cn,chinadaily.com.cn
57,360.cn,360.cn
58,66law.cn,66law.cn
59,cwl.gov.cn,cwl.gov.cn
60,64365.com,64365.com
61,xxsy.net,xxsy.net
62,hongxiu.com,hongxiu.com
63,wandoujia.com,wandoujia.com
64,eastday.com,eastday.com
66,lottery.gov.cn,lottery.gov.cn
67,yw11.com,yw11.com
69,99.com.cn,99.com.cn
70,www.douyin.com,douyin.com
71,tv.cctv.com,cctv.com
72,17500.cn,17500.cn
73,aizhan.com,aizhan.com
74,soso.com,soso.com
75,buyiju.com,buyiju.com
83,sina.cn,sina.cn
86,4399.com,4399.com
87,toutiao.com,toutiao.com
88,youdao.com,youdao.com
89,chinaz.com,chinaz.com
91,www.meipian.cn,meipian.cn
94,cnblogs.com,cnblogs.com
95,tvmao.com,tvmao.com
97,dict.cn,dict.cn
98,360kan.com,360kan.com
99,onlinedown.net,onlinedown.net
100,cncn.com,cncn.com
103,diyifanwen.com,diyifanwen.com
104,bing.com,bing.com
105,aliyun.com,aliyun.com
106,www.microsoft.com,microsoft.com
107,1905.com,1905.com
108,huawei.com,huawei.com
109,anjuke.com,anjuke.com
111,gmw.cn,gmw.cn
112,google.cn,google.cn
113,58.com,58.com
115,cnki.net,cnki.net
116,gamersky.com,gamersky.com
117,offcn.com,offcn.com
120,hupu.com,hupu.com
121,liepin.com,liepin.com
122,china.com,china.com
123,jjwxc.net,jjwxc.net
124,huatu.com,huatu.com
125,9game.cn,9game.cn
126,17173.com,17173.com
127,amap.com,amap.com
128,fang.com,fang.com
129,jb51.net,jb51.net
130,xueqiu.com,xueqiu.com
131,11467.com,11467.com
132,120ask.com,120ask.com
133,hujiang.com,hujiang.com
134,eol.cn,eol.cn
135,kuaidi100.com,kuaidi100.com
136,findlaw.cn,findlaw.cn
137,51test.net,51test.net
138,ddooo.com,ddooo.com
139,www.yjbys.com,yjbys.com
142,stockstar.com,stockstar.com
143,dxsbb.com,dxsbb.com
144,360.com,360.com
145,www.chinanews.com.cn,chinanews.com.cn
146,xdf.cn,xdf.cn
147,ce.cn,ce.cn
148,haodf.com,haodf.com
149,yuwenmi.com,yuwenmi.com
152,dangdang.com,dangdang.com
153,suning.com,suning.com
155,familydoctor.com.cn,familydoctor.com.cn
158,apple.com.cn,apple.com.cn
159,hexun.com,hexun.com
160,500.com,500.com
162,51sole.com,51sole.com
163,ccb.com,ccb.com
164,okooo.com,okooo.com
165,gd.gov.cn,gd.gov.cn
166,sf-express.com,sf-express.com
167,faloo.com,faloo.com
168,zj.gov.cn,zj.gov.cn
169,jobui.com,jobui.com
170,www.beijing.gov.cn,beijing.gov.cn
171,moe.gov.cn,moe.gov.cn
172,12371.cn,12371.cn
173,sz.gov.cn,sz.gov.cn
174,neea.edu.cn,neea.edu.cn
175,youth.cn,youth.cn
176,china.cn,china.cn
177,china.com.cn,china.com.cn
178,koolearn.com,koolearn.com
179,maigoo.com,maigoo.com
180,xywy.com,xywy.com
182,cnr.cn,cnr.cn
183,cz89.com,cz89.com
184,hao123.com,hao123.com
185,duitang.com,duitang.com
186,douguo.com,douguo.com
187,cma.gov.cn,cma.gov.cn
188,dzwww.com,dzwww.com
189,doyo.cn,doyo.cn
190,henan.gov.cn,henan.gov.cn
191,51cto.com,51cto.com
192,xzw.com,xzw.com
193,www.boc.cn,boc.cn
194,yesky.com,yesky.com
195,youbianku.com,youbianku.com
196,zongheng.com,zongheng.com
197,stockpage.10jqka.com.cn,10jqka.com.cn
198,zhcw.com,zhcw.com
200,ccgp.gov.cn,ccgp.gov.cn
201,78500.cn,78500.cn
202,55128.cn,55128.cn
204,18183.com,18183.com
205,xs8.cn,xs8.cn
207,mohrss.gov.cn,mohrss.gov.cn
208,81.cn,81.cn
209,enorth.com.cn,enorth.com.cn
210,sporttery.cn,sporttery.cn
211,ip.cn,ip.cn
213,yz.chsi.com.cn,chsi.com.cn
214,jfdaily.com,jfdaily.com
215,www.56.com,56.com
216,qcc.com,qcc.com
217,tianyancha.com,tianyancha.com
219,xiaohongshu.com,xiaohongshu.com
221,jiemian.com,jiemian.com
222,alipay.com,alipay.com
226,downza.cn,downza.cn
227,npc.gov.cn,npc.gov.cn
228,frdic.com,frdic.com
229,588ku.com,588ku.com
231,renrendoc.com,renrendoc.com
232,mihoyo.com,mihoyo.com
233,1010jiajiao.com,1010jiajiao.com
236,www.chazidian.com,chazidian.com
237,58pic.com,58pic.com
238,huya.com,huya.com
241,leleketang.com,leleketang.com
242,xcar.com.cn,xcar.com.cn
243,mbalib.com,mbalib.com
244,chaoxing.com,chaoxing.com
247,lawtime.cn,lawtime.cn
249,chemicalbook.com,chemicalbook.com
250,doc88.com,doc88.com
251,maoyan.com,maoyan.com
252,mnw.cn,mnw.cn
253,k366.com,k366.com
255,duote.com,duote.com
257,cfi.cn,cfi.cn
258,www.zhipin.com,zhipin.com
259,360kad.com,360kad.com
261,cn.investing.com,investing.com
265,zhaopin.com,zhaopin.com
266,qunar.com,qunar.com
267,news.cntv.cn,cntv.cn
268,alibaba.com,alibaba.com
269,meituan.com,meituan.com
270,36kr.com,36kr.com
271,www.mi.com,mi.com
272,126.com,126.com
273,www.12306.cn,12306.cn
275,mgtv.com,mgtv.com
277,xunlei.com,xunlei.com
278,store.steampowered.com,steampowered.com
281,guancha.cn,guancha.cn
282,www.10086.cn,10086.cn
283,www.php.cn,php.cn
284,pingan.com,pingan.com
285,dingtalk.com,dingtalk.com
286,docin.com,docin.com
287,fudan.edu.cn,fudan.edu.cn
288,51job.com,51job.com
289,lenovo.com.cn,lenovo.com.cn
290,pptv.com,pptv.com
291,www.pcsoft.com.cn,pcsoft.com.cn
292,wps.cn,wps.cn
294,yy.com,yy.com
295,mama.cn,mama.cn
297,miit.gov.cn,miit.gov.cn
298,oray.com,oray.com
299,csai.cn,csai.cn
300,cq.gov.cn,cq.gov.cn
301,pku.edu.cn,pku.edu.cn
302,mofcom.gov.cn,mofcom.gov.cn
304,www.adobe.com,adobe.com
305,52pk.com,52pk.com
306,chinaacc.com,chinaacc.com
307,gz.gov.cn,gz.gov.cn
308,cas.cn,cas.cn
310,itmop.com,itmop.com
311,huangye88.com,huangye88.com
312,ustc.edu.cn,ustc.edu.cn
313,focus.cn,focus.cn
314,lianjia.com,lianjia.com
316,4399.cn,4399.cn
317,www.gaokao.cn,gaokao.cn
318,dongao.com,dongao.com
319,cheshi.com,cheshi.com
320,wanmei.com,wanmei.com
321,nga.cn,nga.cn
322,znds.com,znds.com
323,www.icbc.com.cn,icbc.com.cn
324,zxxk.com,zxxk.com
325,7k7k.com,7k7k.com
327,hubei.gov.cn,hubei.gov.cn
328,biligame.com,biligame.com
329,k73.com,k73.com
330,51credit.com,51credit.com
331,360che.com,360che.com
332,hp.com,hp.com
333,hainan.gov.cn,hainan.gov.cn
335,cpta.com.cn,cpta.com.cn
337,yxdown.com,yxdown.com
338,ickd.cn,ickd.cn
339,oppo.com,oppo.com
340,nanjing.gov.cn,nanjing.gov.cn
341,it168.com,it168.com
342,amazon.cn,amazon.cn
343,vmall.com,vmall.com
344,jia.com,jia.com
345,www.sc.gov.cn,sc.gov.cn
346,myzaker.com,myzaker.com
347,www.abchina.com,abchina.com
348,cri.cn,cri.cn
349,xbiao.com,xbiao.com
351,17track.net,17track.net
352,made-in-china.com,made-in-china.com
353,jrj.com.cn,jrj.com.cn
354,elecfans.com,elecfans.com
355,www.pbc.gov.cn,pbc.gov.cn
356,sse.com.cn,sse.com.cn
357,ruiwen.com,ruiwen.com
358,bjnews.com.cn,bjnews.com.cn
360,1kkk.com,1kkk.com
361,gaodun.com,gaodun.com
363,cnfol.com,cnfol.com
364,wenming.cn,wenming.cn
365,jianke.com,jianke.com
366,i4.cn,i4.cn
367,southmoney.com,southmoney.com
368,jiangxi.gov.cn,jiangxi.gov.cn
369,tj.gov.cn,tj.gov.cn
370,jl.gov.cn,jl.gov.cn
371,1ppt.com,1ppt.com
373,safe.gov.cn,safe.gov.cn
374,www.mohurd.gov.cn,mohurd.gov.cn
375,huxiu.com,huxiu.com
376,scs.gov.cn,scs.gov.cn
377,scu.edu.cn,scu.edu.cn
378,southcn.com,southcn.com
379,chahaoba.com,chahaoba.com
380,cyol.com,cyol.com
381,160.com,160.com
382,www.hunan.gov.cn,hunan.gov.cn
383,to8to.com,to8to.com
384,neu.edu.cn,neu.edu.cn
385,www.51miz.com,51miz.com
386,www.csrc.gov.cn,csrc.gov.cn
388,122.gov.cn,122.gov.cn
389,yto.net.cn,yto.net.cn
390,acfun.cn,acfun.cn
391,jiameng.com,jiameng.com
393,zgjm.org,zgjm.org
394,cndzys.com,cndzys.com
395,chinawriter.com.cn,chinawriter.com.cn
396,mingyihui.net,mingyihui.net
397,kuaikanmanhua.com,kuaikanmanhua.com
398,iqilu.com,iqilu.com
399,vivo.com.cn,vivo.com.cn
400,wuhan.gov.cn,wuhan.gov.cn
401,fun.tv,fun.tv
403,www.court.gov.cn,court.gov.cn
404,dg.gov.cn,dg.gov.cn
405,mca.gov.cn,mca.gov.cn
406,book118.com,book118.com
407,stcn.com,stcn.com
408,cofool.com,cofool.com
409,voc.com.cn,voc.com.cn
410,jiwu.com,jiwu.com
411,shanghai.gov.cn,shanghai.gov.cn
412,cnhubei.com,cnhubei.com
413,kuaidi.com,kuaidi.com
415,uzzf.com,uzzf.com
416,yicai.com,yicai.com
417,taoguba.com.cn,taoguba.com.cn
418,scol.com.cn,scol.com.cn
419,rednet.cn,rednet.cn
420,hebnews.cn,hebnews.cn
422,yuloo.com,yuloo.com
423,jstv.com,jstv.com
425,xiachufang.com,xiachufang.com
427,speedtest.cn,speedtest.cn
428,miui.com,miui.com
429,1ting.com,1ting.com
430,scut.edu.cn,scut.edu.cn
431,gamedog.cn,gamedog.cn
432,nbd.com.cn,nbd.com.cn
433,21wecan.com,21wecan.com
434,ooopic.com,ooopic.com
435,xa.gov.cn,xa.gov.cn
438,dbw.cn,dbw.cn
441,cac.gov.cn,cac.gov.cn
442,mercedes-benz.com.cn,mercedes-benz.com.cn
443,myzx.cn,myzx.cn
444,kekenet.com,kekenet.com
445,visitbeijing.com.cn,visitbeijing.com.cn
446,youxiniao.com,youxiniao.com
447,ycwb.com,ycwb.com
448,fwol.cn,fwol.cn
449,jianpu.cn,jianpu.cn
450,eeo.com.cn,eeo.com.cn
451,caac.gov.cn,caac.gov.cn
452,sasac.gov.cn,sasac.gov.cn
453,xinpianchang.com,xinpianchang.com
457,16888.com,16888.com
458,hnr.cn,hnr.cn
459,gfbzb.gov.cn,gfbzb.gov.cn
461,ly.com,ly.com
462,pingguolv.com,pingguolv.com
463,soku.com,soku.com
464,youzan.com,youzan.com
467,5nd.com,5nd.com
469,cnki.com.cn,cnki.com.cn
470,bjeea.cn,bjeea.cn
471,online.sh.cn,online.sh.cn
472,kanzhun.com,kanzhun.com
473,kvov.com,kvov.com
474,tp-link.com.cn,tp-link.com.cn
475,cltt.org,cltt.org
476,greenxf.com,greenxf.com
477,mapbar.com,mapbar.com
478,mps.gov.cn,mps.gov.cn
479,haiwainet.cn,haiwainet.cn
480,liebiao.com,liebiao.com
481,pchome.net,pchome.net
482,www.mod.gov.cn,mod.gov.cn
483,dxy.cn,dxy.cn
484,2265.com,2265.com
485,www.gushiwen.cn,gushiwen.cn
486,iphone.91.com,91.com
487,xunjiepdf.com,xunjiepdf.com
489,3h3.com,3h3.com
490,godic.net,godic.net
491,bejson.com,bejson.com
492,svw-volkswagen.com,svw-volkswagen.com
494,mydrivers.com,mydrivers.com
495,seeyon.com,seeyon.com
496,chinamoney.com.cn,chinamoney.com.cn
497,shuajizhijia.net,shuajizhijia.net
498,manmankan.com,manmankan.com
501,ziyimall.com,ziyimall.com
502,bkill.com,bkill.com
503,ithome.com,ithome.com
504,51.com,51.com
506,www.amazon.com,amazon.com
507,sdo.com,sdo.com
508,nipic.com,nipic.com
509,ems.com.cn,ems.com.cn
510,oracle.com,oracle.com
511,redocn.com,redocn.com
512,huilv.cc,huilv.cc
513,airchina.com.cn,airchina.com.cn
514,52pojie.cn,52pojie.cn
515,zhouyi.cc,zhouyi.cc
517,kuaishou.com,kuaishou.com
518,55188.com,55188.com
519,kaoyan.com,kaoyan.com
520,dm5.com,dm5.com
521,cssmoban.com,cssmoban.com
522,gucheng.com,gucheng.com
525,zcool.com.cn,zcool.com.cn
527,asus.com.cn,asus.com.cn
528,wanfangdata.com.cn,wanfangdata.com.cn
529,bjx.com.cn,bjx.com.cn
530,zjzwfw.gov.cn,zjzwfw.gov.cn
531,mafengwo.cn,mafengwo.cn
534,dji.com,dji.com
537,springer.com,springer.com
538,dhl.com,dhl.com
539,icourse163.org,icourse163.org
540,pc0359.cn,pc0359.cn
541,vk.com,vk.com
542,sto.cn,sto.cn
543,hikvision.com,hikvision.com
544,3d66.com,3d66.com
547,yingjiesheng.com,yingjiesheng.com
549,www.canon.com.cn,canon.com.cn
550,crsky.com,crsky.com
551,ctyun.cn,ctyun.cn
552,www.ixigua.com,ixigua.com
553,foodmate.net,foodmate.net
554,stats.gov.cn,stats.gov.cn
555,onegreen.net,onegreen.net
557,cnxiangyan.com,cnxiangyan.com
558,elong.com,elong.com
559,www.189.cn,189.cn
560,qstheory.cn,qstheory.cn
561,nba.com,nba.com
562,ucas.ac.cn,ucas.ac.cn
563,paypal.com,paypal.com
564,pedaily.cn,pedaily.cn
565,oschina.net,oschina.net
566,qianlima.com,qianlima.com
568,booking.com,booking.com
569,kongfz.com,kongfz.com
570,5068.com,5068.com
572,runoob.com,runoob.com
573,amd.com,amd.com
574,dd373.com,dd373.com
575,6.cn,6.cn
576,csair.com,csair.com
577,workercn.cn,workercn.cn
578,w3school.com.cn,w3school.com.cn
579,sanguosha.com,sanguosha.com
581,www.cmbchina.com,cmbchina.com
582,jseea.cn,jseea.cn
583,huorong.cn,huorong.cn
584,asus.com,asus.com
585,www.haier.com,haier.com
586,100ppi.com,100ppi.com
587,21cnjy.com,21cnjy.com
588,sgcc.com.cn,sgcc.com.cn
589,mysteel.com,mysteel.com
590,xbox.com,xbox.com
591,www.87g.com,87g.com
592,intel.com,intel.com
593,pc6.com,pc6.com
595,www.tukuppt.com,tukuppt.com
596,netbian.com,netbian.com
598,qianzhan.com,qianzhan.com
599,nvidia.cn,nvidia.cn
601,kujiale.com,kujiale.com
602,www.bohe.cn,bohe.cn
603,www.233.com,233.com
604,eefocus.com,eefocus.com
605,ups.com,ups.com
606,hnair.com,hnair.com
607,jiayuan.com,jiayuan.com
609,dongqiudi.com,dongqiudi.com
610,bjtu.edu.cn,bjtu.edu.cn
611,weidian.com,weidian.com
612,cqvip.com,cqvip.com
613,cli.im,cli.im
614,www.fmprc.gov.cn,fmprc.gov.cn
615,uc.cn,uc.cn
616,nsfc.gov.cn,nsfc.gov.cn
617,caixin.com,caixin.com
618,zhihuishu.com,zhihuishu.com
619,antpedia.com,antpedia.com
620,cqu.edu.cn,cqu.edu.cn
621,mozilla.org,mozilla.org
622,cr173.com,cr173.com
623,sanygroup.com,sanygroup.com
624,aliexpress.com,aliexpress.com
625,med66.com,med66.com
627,meitu.com,meitu.com
628,louisvuitton.com,louisvuitton.com
629,justeasy.cn,justeasy.cn
630,golue.com,golue.com
631,www.tsinghua.edu.cn,tsinghua.edu.cn
632,eeworld.com.cn,eeworld.com.cn
633,ibm.com,ibm.com
635,ijinshan.com,ijinshan.com
636,smm.cn,smm.cn
637,ningbo.gov.cn,ningbo.gov.cn
639,ele.me,ele.me
641,che168.com,che168.com
642,bmlink.com,bmlink.com
643,epson.com.cn,epson.com.cn
644,hefei.gov.cn,hefei.gov.cn
645,ncss.cn,ncss.cn
647,xiumi.us,xiumi.us
648,hnrsks.com,hnrsks.com
649,tadu.com,tadu.com
650,fxxz.com,fxxz.com
651,www.jiangsu.gov.cn,jiangsu.gov.cn
652,baixing.com,baixing.com
653,kuaiji.com,kuaiji.com
654,ch.com,ch.com
658,chinapost.com.cn,chinapost.com.cn
660,www.cgbchina.com.cn,cgbchina.com.cn
661,lofter.com,lofter.com
662,xoyo.com,xoyo.com
663,renren.com,renren.com
664,99.com,99.com
666,cnmo.com,cnmo.com
668,www.shmeea.edu.cn,shmeea.edu.cn
669,xd.com,xd.com
670,cifnews.com,cifnews.com
671,wmzhe.com,wmzhe.com
672,diyiyou.com,diyiyou.com
674,kingdee.com,kingdee.com
676,www.cmbc.com.cn,cmbc.com.cn
677,moa.gov.cn,moa.gov.cn
678,tcmap.com.cn,tcmap.com.cn
679,tiancity.com,tiancity.com
680,alibabagroup.com,alibabagroup.com
681,most.gov.cn,most.gov.cn
682,guazi.com,guazi.com
683,earthol.com,earthol.com
685,qiuziti.com,qiuziti.com
686,www.tmall.com,tmall.com
687,19lou.com,19lou.com
688,www.icloud.com,icloud.com
689,www.gaoxiaojob.com,gaoxiaojob.com
691,educity.cn,educity.cn
692,263.net,263.net
693,zhongkao.com,zhongkao.com
694,jxpta.com,jxpta.com
695,www.mof.gov.cn,mof.gov.cn
696,sciencenet.cn,sciencenet.cn
697,pbccrc.org.cn,pbccrc.org.cn
698,www.sznews.com,sznews.com
699,chinakaoyan.com,chinakaoyan.com
700,sceea.cn,sceea.cn
701,loupan.com,loupan.com
702,pgyer.com,pgyer.com
703,cau.edu.cn,cau.edu.cn
704,pep.com.cn,pep.com.cn
705,hangzhou.com.cn,hangzhou.com.cn
706,geely.com,geely.com
707,acc5.com,acc5.com
708,1234567.com.cn,1234567.com.cn
709,cninfo.com.cn,cninfo.com.cn
710,mtime.com,mtime.com
711,amac.org.cn,amac.org.cn
712,www.bankcomm.com,bankcomm.com
715,www.customs.gov.cn,customs.gov.cn
716,xinli001.com,xinli001.com
717,hisense.com,hisense.com
718,fx678.com,fx678.com
719,yancheng.gov.cn,yancheng.gov.cn
720,cnnb.com.cn,cnnb.com.cn
721,nuaa.edu.cn,nuaa.edu.cn
722,ludashi.com,ludashi.com
723,jiaoyimao.com,jiaoyimao.com
725,lianlianpay.com,lianlianpay.com
726,biomart.cn,biomart.cn
727,bmw.com.cn,bmw.com.cn
730,gitee.com,gitee.com
731,job5156.com,job5156.com
732,xnnews.com.cn,xnnews.com.cn
733,cscse.edu.cn,cscse.edu.cn
734,www.gxzf.gov.cn,gxzf.gov.cn
735,178.com,178.com
736,apta.gov.cn,apta.gov.cn
737,ahsz.gov.cn,ahsz.gov.cn
738,smallpdf.com,smallpdf.com
739,microsoftstore.com.cn,microsoftstore.com.cn
740,wiki.52poke.com,52poke.com
741,jiaodong.net,jiaodong.net
742,vjshi.com,vjshi.com
743,pcpop.com,pcpop.com
744,www.shaanxi.gov.cn,shaanxi.gov.cn
745,sac.net.cn,sac.net.cn
747,fenbi.com,fenbi.com
748,www.hangzhou.gov.cn,hangzhou.gov.cn
749,www.psbc.com,psbc.com
750,le.com,le.com
751,cn-healthcare.com,cn-healthcare.com
752,gstarcad.com,gstarcad.com
753,zibo.gov.cn,zibo.gov.cn
754,winrar.com.cn,winrar.com.cn
755,instrument.com.cn,instrument.com.cn
757,wenjuan.com,wenjuan.com
758,iresearch.cn,iresearch.cn
759,xhby.net,xhby.net
760,letpub.com.cn,letpub.com.cn
761,www.suzhou.gov.cn,suzhou.gov.cn
762,www.hebei.gov.cn,hebei.gov.cn
764,www.shandong.gov.cn,shandong.gov.cn
765,artron.net,artron.net
766,okcis.cn,okcis.cn
767,zhenai.com,zhenai.com
769,yunnan.cn,yunnan.cn
771,usst.edu.cn,usst.edu.cn
772,cssn.cn,cssn.cn
773,qdu.edu.cn,qdu.edu.cn
775,zaobao.com,zaobao.com
776,bfsu.edu.cn,bfsu.edu.cn
778,kafan.cn,kafan.cn
779,blogchina.com,blogchina.com
780,msa.gov.cn,msa.gov.cn
781,szse.cn,szse.cn
782,dl.gov.cn,dl.gov.cn
783,sinopec.com,sinopec.com
784,jxnews.com.cn,jxnews.com.cn
785,hnedu.cn,hnedu.cn
786,battlenet.com.cn,battlenet.com.cn
787,www.chengdu.gov.cn,chengdu.gov.cn
788,cqcb.com,cqcb.com
789,bidchance.com,bidchance.com
790,scio.gov.cn,scio.gov.cn
791,ztgame.com,ztgame.com
792,hrloo.com,hrloo.com
793,gxpta.com.cn,gxpta.com.cn
794,www.dianping.com,dianping.com
795,xmfish.com,xmfish.com
797,babytree.com,babytree.com
801,west.cn,west.cn
802,newsmth.net,newsmth.net
803,ghac.cn,ghac.cn
804,uc129.com,uc129.com
805,www.colipu.com,colipu.com
806,colg.cn,colg.cn
807,techweb.com.cn,techweb.com.cn
808,www.bankofchina.com,bankofchina.com
809,tvsou.com,tvsou.com
810,zjzs.net,zjzs.net
811,chem17.com,chem17.com
812,ivsky.com,ivsky.com
813,taiyuan.gov.cn,taiyuan.gov.cn
815,sicnu.edu.cn,sicnu.edu.cn
816,ecust.edu.cn,ecust.edu.cn
817,997788.com,997788.com
818,vobao.com,vobao.com
819,sony.com.cn,sony.com.cn
820,sxu.edu.cn,sxu.edu.cn
821,cfi.net.cn,cfi.net.cn
822,win4000.com,win4000.com
823,cnstock.com,cnstock.com
824,www.hlj.gov.cn,hlj.gov.cn
827,woshipm.com,woshipm.com
828,audi.cn,audi.cn
830,wechat.com,wechat.com
831,qulishi.com,qulishi.com
832,ntu.edu.cn,ntu.edu.cn
833,canet.com.cn,canet.com.cn
834,zuche.com,zuche.com
835,bjhd.gov.cn,bjhd.gov.cn
836,worktile.com,worktile.com
837,sonystyle.com.cn,sonystyle.com.cn
838,vogue.com.cn,vogue.com.cn
839,xinnet.com,xinnet.com
840,foxitsoftware.cn,foxitsoftware.cn
841,yibin.gov.cn,yibin.gov.cn
842,hpu.edu.cn,hpu.edu.cn
843,vw.com.cn,vw.com.cn
844,migu.cn,migu.cn
845,oppomobile.com,oppomobile.com
846,cooco.net.cn,cooco.net.cn
847,jj.cn,jj.cn
848,donews.com,donews.com
849,co188.com,co188.com
851,3839.com,3839.com
852,5i5j.com,5i5j.com
853,12365auto.com,12365auto.com
855,jianshe99.com,jianshe99.com
856,oeeee.com,oeeee.com
857,66wz.com,66wz.com
858,segmentfault.com,segmentfault.com
859,jschina.com.cn,jschina.com.cn
860,fccs.com,fccs.com
861,shantou.gov.cn,shantou.gov.cn
862,cs.mfa.gov.cn,mfa.gov.cn
864,last.fm,last.fm
865,tibet.cn,tibet.cn
866,www.philips.com.cn,philips.com.cn
867,www.fuzhou.gov.cn,fuzhou.gov.cn
868,dangbei.com,dangbei.com
870,51zxw.net,51zxw.net
871,shouji.com.cn,shouji.com.cn
872,osta.org.cn,osta.org.cn
874,miwifi.com,miwifi.com
875,prnasia.com,prnasia.com
876,zjks.com,zjks.com
877,66rpg.com,66rpg.com
878,guidechem.com,guidechem.com
879,zbj.com,zbj.com
880,njmu.edu.cn,njmu.edu.cn
881,hxsd.com,hxsd.com
882,digitaling.com,digitaling.com
883,www.creditchina.gov.cn,creditchina.gov.cn
884,www.qingdao.gov.cn,qingdao.gov.cn
885,61.com,61.com
886,shmtu.edu.cn,shmtu.edu.cn
887,p5w.net,p5w.net
889,coursera.org,coursera.org
891,gxnu.edu.cn,gxnu.edu.cn
893,tongliao.gov.cn,tongliao.gov.cn
894,csust.edu.cn,csust.edu.cn
895,www.pinduoduo.com,pinduoduo.com
897,sdnu.edu.cn,sdnu.edu.cn
898,yzu.edu.cn,yzu.edu.cn
899,gac-toyota.com.cn,gac-toyota.com.cn
900,hebpta.com.cn,hebpta.com.cn
901,zstu.edu.cn,zstu.edu.cn
902,21ic.com,21ic.com
905,logitech.com.cn,logitech.com.cn
906,lrts.me,lrts.me
907,dahe.cn,dahe.cn
908,www.huizhou.gov.cn,huizhou.gov.cn
909,5eplay.com,5eplay.com
910,58che.com,58che.com
911,yangtzeu.edu.cn,yangtzeu.edu.cn
912,nowcoder.com,nowcoder.com
913,www.ah.gov.cn,ah.gov.cn
914,uisdc.com,uisdc.com
915,vmware.com,vmware.com
916,www.zto.com,zto.com
917,huel.edu.cn,huel.edu.cn
918,www.lg.gov.cn,lg.gov.cn
919,ahnu.edu.cn,ahnu.edu.cn
920,yzz.cn,yzz.cn
921,upc.edu.cn,upc.edu.cn
922,cadillac.com.cn,cadillac.com.cn
924,e23.cn,e23.cn
926,paopaoche.net,paopaoche.net
927,cb.com.cn,cb.com.cn
928,hrbust.edu.cn,hrbust.edu.cn
929,shisu.edu.cn,shisu.edu.cn
930,eqxiu.com,eqxiu.com
931,vip.com,vip.com
932,mamecn.com,mamecn.com
935,hnust.edu.cn,hnust.edu.cn
936,stackoverflow.com,stackoverflow.com
938,tesla.cn,tesla.cn
939,kaoyan365.cn,kaoyan365.cn
940,fjsen.com,fjsen.com
941,game.xiaomi.com,xiaomi.com
942,szhgh.com,szhgh.com
943,duotegame.com,duotegame.com
944,lanrentuku.com,lanrentuku.com
945,immomo.com,immomo.com
946,gdut.edu.cn,gdut.edu.cn
947,maimai.cn,maimai.cn
948,qianlong.com,qianlong.com
949,tom.com,tom.com
950,cainiao.com,cainiao.com
951,9ku.com,9ku.com
952,romzhijia.net,romzhijia.net
954,fengniao.com,fengniao.com
955,sspai.com,sspai.com
956,chanel.com,chanel.com
957,nwupl.edu.cn,nwupl.edu.cn
958,liuzhou.gov.cn,liuzhou.gov.cn
959,jiakaobaodian.com,jiakaobaodian.com
960,7po.com,7po.com
962,faw-vw.com,faw-vw.com
963,www.gansu.gov.cn,gansu.gov.cn
965,iservice.10010.com,10010.com
967,www.pudong.gov.cn,pudong.gov.cn
968,juxia.com,juxia.com
969,bochk.com,bochk.com
970,meishichina.com,meishichina.com
971,bjut.edu.cn,bjut.edu.cn
973,www.tcl.com,tcl.com
974,eoffcn.com,eoffcn.com
975,fafu.edu.cn,fafu.edu.cn
977,www.cls.cn,cls.cn
978,ahpu.edu.cn,ahpu.edu.cn
979,city8.com,city8.com
981,ujn.edu.cn,ujn.edu.cn
982,darryring.com,darryring.com
983,duanmeiwen.com,duanmeiwen.com
984,lagou.com,lagou.com
985,110.com,110.com
988,5173.com,5173.com
989,yanyue.cn,yanyue.cn
990,hqew.com,hqew.com
991,beijing-time.org,beijing-time.org
992,cust.edu.cn,cust.edu.cn
993,medsci.cn,medsci.cn
994,800best.com,800best.com
995,hbut.edu.cn,hbut.edu.cn
996,115.com,115.com
997,911cha.com,911cha.com
998,ruankao.org.cn,ruankao.org.cn
999,jxedt.com,jxedt.com
1001,www.volvocars.com,volvocars.com
1002,eet-china.com,eet-china.com
1003,9k9k.com,9k9k.com
1004,cs.com.cn,cs.com.cn
1005,www.h3c.com,h3c.com
1006,tuchong.com,tuchong.com
1008,glut.edu.cn,glut.edu.cn
1009,tnc.com.cn,tnc.com.cn
1011,699pic.com,699pic.com
1013,8264.com,8264.com
1014,lnrsks.com,lnrsks.com
1016,java.com,java.com
1017,www.wenzhou.gov.cn,wenzhou.gov.cn
1018,gz91.com,gz91.com
1019,wallstreetcn.com,wallstreetcn.com
1020,processon.com,processon.com
1021,missevan.com,missevan.com
1022,ifanr.com,ifanr.com
1023,cathaypacific.com,cathaypacific.com
1025,downxia.com,downxia.com
1026,leju.com,leju.com
1027,023dir.com,023dir.com
1028,stdaily.com,stdaily.com
1031,csres.com,csres.com
1032,jin10.com,jin10.com
1033,ctdsb.net,ctdsb.net
1035,www.douyu.com,douyu.com
1036,bbs.oneplus.com,oneplus.com
1038,ys7.com,ys7.com
1039,guet.edu.cn,guet.edu.cn
1040,cdstm.cn,cdstm.cn
1041,ybjk.com,ybjk.com
1043,ihg.com,ihg.com
1044,www.chuangkit.com,chuangkit.com
1045,kongzhong.com,kongzhong.com
1046,www.zju.edu.cn,zju.edu.cn
1047,louisvuitton.cn,louisvuitton.cn
1048,www.zhengzhou.gov.cn,zhengzhou.gov.cn
1049,yxbao.com,yxbao.com
1050,dailiantong.com,dailiantong.com
1051,cncrk.com,cncrk.com
1053,xinyu.gov.cn,xinyu.gov.cn
1054,jznews.com.cn,jznews.com.cn
1055,lg.com,lg.com
1056,kankanews.com,kankanews.com
1057,houxue.com,houxue.com
1059,yinhangzhaopin.com,yinhangzhaopin.com
1060,ncwu.edu.cn,ncwu.edu.cn
1065,zhangyue.com,zhangyue.com
1066,marriott.com.cn,marriott.com.cn
1067,dahuatech.com,dahuatech.com
1069,drivergenius.com,drivergenius.com
1070,sm.cn,sm.cn
1071,www.bjrcb.com,bjrcb.com
1072,zte.com.cn,zte.com.cn
1073,www.cib.com.cn,cib.com.cn
1076,toocle.com,toocle.com
1077,ruijie.com.cn,ruijie.com.cn
1078,sxjz.gov.cn,sxjz.gov.cn
1079,37.com,37.com
1080,guitarworld.com.cn,guitarworld.com.cn
1083,9upk.com,9upk.com
1084,chiphell.com,chiphell.com
1085,18touch.com,18touch.com
1086,esdict.cn,esdict.cn
1089,www.seu.edu.cn,seu.edu.cn
1090,sinosig.com,sinosig.com
1091,cstnet.cn,cstnet.cn
1092,www.winwin7.com,winwin7.com
1093,www.nppa.gov.cn,nppa.gov.cn
1094,ccopyright.com.cn,ccopyright.com.cn
1096,iplaysoft.com,iplaysoft.com
1097,badmintoncn.com,badmintoncn.com
1098,tech.huanqiu.com,huanqiu.com
1099,hneao.cn,hneao.cn
1101,dhgate.com,dhgate.com
1102,jc001.cn,jc001.cn
1103,bookschina.com,bookschina.com
1104,house365.com,house365.com
1106,cartier.com,cartier.com
1107,iflytek.com,iflytek.com
1109,www.sc.com,sc.com
1110,www.cqnews.net,cqnews.net
1112,zuci.bmcx.com,bmcx.com
1113,damai.cn,damai.cn
1115,dictall.com,dictall.com
1116,linuxidc.com,linuxidc.com
1117,iyiou.com,iyiou.com
1118,dota2.com.cn,dota2.com.cn
1119,google.com.hk,google.com.hk
1120,weiyun.com,weiyun.com
1123,www.xuetangx.com,xuetangx.com
1124,dxy.com,dxy.com
1125,www.hku.hk,hku.hk
1126,cankaoxiaoxi.com,cankaoxiaoxi.com
1127,huitu.com,huitu.com
1130,300.cn,300.cn
1131,paperpass.com,paperpass.com
1132,sputniknews.cn,sputniknews.cn
1133,jsyks.com,jsyks.com
1134,wacai.com,wacai.com
1135,wyzxwk.com,wyzxwk.com
1136,meihua.info,meihua.info
1137,shui5.cn,shui5.cn
1138,baike.com,baike.com
1139,chinaamc.com,chinaamc.com
1141,manmanbuy.com,manmanbuy.com
1142,uu898.com,uu898.com
1143,www.hkex.com.hk,hkex.com.hk
1145,fortunechina.com,fortunechina.com
1148,98zhibo.com,98zhibo.com
1149,pospal.cn,pospal.cn
1150,nikon.com.cn,nikon.com.cn
1152,rsdown.cn,rsdown.cn
1153,simuwang.com,simuwang.com
1155,youzu.com,youzu.com
1159,unjs.com,unjs.com
1160,glodon.com,glodon.com
1163,www.gk100.com,gk100.com
1166,www.feishu.cn,feishu.cn
1167,chem960.com,chem960.com
1170,in-en.com,in-en.com
1171,sust.edu.cn,sust.edu.cn
1172,olympic.cn,olympic.cn
1175,ibaotu.com,ibaotu.com
1176,www.gooood.cn,gooood.cn
1177,xilu.com,xilu.com
1178,jandan.net,jandan.net
1179,alimama.com,alimama.com
1181,shipxy.com,shipxy.com
1182,qlrc.com,qlrc.com
1183,shangri-la.com,shangri-la.com
1185,salesforce.com,salesforce.com
1188,guilinlife.com,guilinlife.com
1189,ccf.org.cn,ccf.org.cn
1190,www.bydauto.com.cn,bydauto.com.cn
1191,720yun.com,720yun.com
1192,ebrun.com,ebrun.com
1193,emirates.com,emirates.com
1194,www.bit.edu.cn,bit.edu.cn
1195,www.ecnu.edu.cn,ecnu.edu.cn
1196,www.nju.edu.cn,nju.edu.cn
1197,ppsj.com.cn,ppsj.com.cn
1199,shanghaitech.edu.cn,shanghaitech.edu.cn
1200,www.ouc.edu.cn,ouc.edu.cn
1204,www.downkuai.com,downkuai.com
1205,cyzone.cn,cyzone.cn
1206,cztv.com,cztv.com
1207,mscbsc.com,mscbsc.com
1208,xuenb.com,xuenb.com
1209,55haitao.com,55haitao.com
1211,www.tudou.com,tudou.com
1212,www.okaoyan.com,okaoyan.com
1213,umeng.com,umeng.com
1214,www.vcg.com,vcg.com
1216,swun.edu.cn,swun.edu.cn
1217,medlive.cn,medlive.cn
1218,xiaomi.cn,xiaomi.cn
1219,centanet.com,centanet.com
1221,www.amz123.com,amz123.com
1223,shopbop.com,shopbop.com
1225,exam8.com,exam8.com
1226,crcc.cn,crcc.cn
1227,xinglai.com,xinglai.com
1231,itheima.com,itheima.com
1232,zhongan.com,zhongan.com
1233,5156edu.com,5156edu.com
1235,cnnic.cn,cnnic.cn
1236,delta.com,delta.com
1239,chunyuyisheng.com,chunyuyisheng.com
1240,www.szlcsc.com,szlcsc.com
1242,www.lego.com,lego.com
1243,www.gzu.edu.cn,gzu.edu.cn
1244,dior.com,dior.com
1245,www.wjx.cn,wjx.cn
1246,vacheron-constantin.com,vacheron-constantin.com
1247,excelhome.net,excelhome.net
1248,huoban.com,huoban.com
